,target_com,depth,target_per,threshold,総収益,投資金額,出現数,購買予測数,利益率,購買的中率,的中数
0,1.0,5.0,264.0,0.85,74820.0,55400.0,314.0,554.0,135.05415162454875,14.259927797833935,79.0
1,3.0,5.0,210.0,0.92,88930.0,61200.0,155.0,612.0,145.31045751633985,7.026143790849673,43.0
2,4.0,8.0,260.0,0.85,74540.0,56100.0,126.0,561.0,132.8698752228164,6.23885918003565,35.0
3,5.0,8.0,242.0,0.92,86770.0,55300.0,266.0,553.0,156.90777576853526,12.115732368896925,67.0
4,11.0,5.0,158.0,0.9,106730.0,67900.0,93.0,679.0,157.18703976435935,5.596465390279824,38.0
5,26.0,5.0,266.0,0.92,61640.0,21700.0,46.0,217.0,284.0552995391705,5.529953917050691,12.0
