,target_com,depth,target_per,threshold,総収益,投資金額,出現数,購買予測数,利益率,購買的中率,的中数
0,1.0,5.0,264.0,0.85,36780.0,29300.0,57799.0,293.0,125.52901023890786,12.627986348122866,37.0
1,3.0,5.0,210.0,0.92,26370.0,30200.0,57799.0,302.0,87.31788079470199,7.6158940397351,23.0
2,4.0,8.0,260.0,0.85,26930.0,26400.0,57799.0,264.0,102.00757575757575,10.227272727272728,27.0
3,5.0,8.0,242.0,0.92,27660.0,25900.0,57799.0,259.0,106.79536679536679,10.038610038610038,26.0
4,11.0,5.0,158.0,0.9,35340.0,33300.0,57799.0,333.0,106.12612612612612,6.306306306306306,21.0
5,26.0,5.0,266.0,0.92,1140.0,10900.0,57799.0,109.0,10.458715596330276,0.9174311926605505,1.0
