,target_com,depth,target_per,threshold,total_get_test,total_use_test,num_com_test,num_pred_test,gain_test,gain_std_test,num_hit_test,buy_hit_per_test,buy_hit_per_std_test,plus_month_num_test,diff_mea_med_test,total_get_final,total_use_final,num_com_final,num_pred_final,gain_final,gain_std_final,num_hit_final,buy_hit_per_final,buy_hit_per_std_final,plus_month_num_final,diff_mea_med_final,total_get_test_score,total_use_test_score,num_com_test_score,num_pred_test_score,gain_test_score,gain_std_test_score,num_hit_test_score,buy_hit_per_test_score,buy_hit_per_std_test_score,plus_month_num_test_score,diff_mea_med_test_score,score
0,4.0,5.0,113.0,0.58,13970.0,8300.0,26.0,83.0,168.3132530120482,114.45125922271052,6.0,7.228915662650602,0.5388115608433229,3.0,0.0,20350.0,6100.0,16.0,61.0,333.6065573770492,634.701743125334,2.0,3.278688524590164,0.946475851130534,1.0,0.0,0.11326217505039858,0.7074579654488365,0.0,0.7074579654488363,0.3620646924920745,0.2922052512803923,0.2413571870553166,-0.3900814120030079,0.2562481619025716,0.0,0.0,2.2899719866754182
1,7.0,7.0,164.0,0.54,16360.0,10200.0,37.0,102.0,160.3921568627451,145.86971225624464,5.0,4.901960784313726,0.6932419423397524,2.0,0.0,11250.0,9300.0,23.0,93.0,120.96774193548389,28.927860387416374,14.0,15.053763440860216,3.1040337053205693,2.0,95.27777777777784,0.08884318794993185,0.6957441212633211,0.0,0.6957441212633204,0.2597563203780771,0.5963203439084932,0.957856641129699,0.3105100189295905,-0.2400646609078495,0.10679369450475447,0.0,3.471503788419338
2,14.0,7.0,125.0,0.5,47570.0,24700.0,24.0,247.0,192.5910931174089,136.50114919815238,10.0,4.048582995951417,0.7012351447647276,4.0,0.8000000000001819,20940.0,13400.0,18.0,134.0,156.26865671641792,49.20237245375909,12.0,8.955223880597014,1.4925373134328357,3.0,131.94444444444434,0.0,0.0,0.0,0.0,0.0,0.0,0.0,0.0,0.0,0.0,0.0,0.0
