,target_com,depth,target_per,threshold,total_get_test,total_use_test,num_com_test,num_pred_test,gain_test,gain_std_test,num_hit_test,buy_hit_per_test,buy_hit_per_std_test,plus_month_num_test,diff_mea_med_test,total_get_final,total_use_final,num_com_final,num_pred_final,gain_final,gain_std_final,num_hit_final,buy_hit_per_final,buy_hit_per_std_final,plus_month_num_final,diff_mea_med_final,total_get_test_score,total_use_test_score,num_com_test_score,num_pred_test_score,gain_test_score,gain_std_test_score,num_hit_test_score,buy_hit_per_test_score,buy_hit_per_std_test_score,plus_month_num_test_score,diff_mea_med_test_score,score
0,7.0,7.0,161.0,0.54,16360.0,10400.0,37.0,104.0,157.3076923076923,138.66165339885038,5.0,4.807692307692308,0.6799103665255265,2.0,0.0,10310.0,8900.0,23.0,89.0,115.84269662921348,36.408193945154096,13.0,14.606741573033707,3.611854217600358,1.0,87.5,0.19242249555996818,-0.08541996600140339,0.0,-0.08541996600140088,-0.3131214368093144,0.19783152039346436,0.5274176654189155,0.3891194321743842,0.3114631725494585,0.0,0.0,1.134292917284072
1,14.0,5.0,96.0,0.58,27920.0,19900.0,24.0,199.0,140.30150753768845,117.13325299788276,9.0,4.522613065326634,0.7453465816176545,3.0,-69.0,17740.0,10700.0,18.0,107.0,165.79439252336448,15.710701108824113,11.0,10.2803738317757,1.427593674441072,3.0,143.5,0.09070883430886093,-0.062186877414306174,0.0,-0.06218687741430437,0.2704866529338378,-0.16345443496726306,0.2486270718235285,-0.23183857769787822,-0.204338002162504,0.20157592327948076,0.0,0.08739371268945217
