,target_com,depth,target_per,threshold,total_get_test,total_use_test,num_com_test,num_pred_test,gain_test,gain_std_test,num_hit_test,buy_hit_per_test,buy_hit_per_std_test,plus_month_num_test,diff_mea_med_test,total_get_final,total_use_final,num_com_final,num_pred_final,gain_final,gain_std_final,num_hit_final,buy_hit_per_final,buy_hit_per_std_final,plus_month_num_final,diff_mea_med_final,total_get_test_score,total_use_test_score,num_com_test_score,num_pred_test_score,gain_test_score,gain_std_test_score,num_hit_test_score,buy_hit_per_test_score,buy_hit_per_std_test_score,plus_month_num_test_score,diff_mea_med_test_score,score
0,4.0,5.0,113.0,0.58,13970.0,8300.0,26.0,83.0,168.3132530120482,114.45125922271052,6.0,7.228915662650602,0.5388115608433229,3.0,0.0,20350.0,6100.0,16.0,61.0,333.6065573770492,634.701743125334,2.0,3.278688524590164,0.946475851130534,1.0,0.0,0.13084539478281862,0.7537328105129157,0.0,0.7537328105129165,0.27830478908556144,0.24173149416569595,0.24182463008356328,-0.25483241810207624,0.30265958491430667,0.0,0.0,2.4479990959557023
1,7.0,7.0,164.0,0.54,16360.0,10000.0,37.0,100.0,163.6,144.8802220015449,5.0,5.0,0.7071067811865476,2.0,0.0,10310.0,8700.0,23.0,87.0,118.50574712643676,37.40188965630291,13.0,14.942528735632186,3.694885349039446,1.0,87.5,0.5888042765226882,0.8864982235065412,0.0,0.8864982235065416,0.29730337694719555,0.6713468308076984,1.088210835376036,0.14331532570063846,-0.16268292843635368,0.0,0.0,4.3992941639309855
2,14.0,5.0,96.0,0.58,27920.0,19900.0,24.0,199.0,140.30150753768845,117.13325299788276,9.0,4.522613065326634,0.7453465816176545,3.0,-69.0,17740.0,10700.0,18.0,107.0,165.79439252336448,15.710701108824113,11.0,10.2803738317757,1.427593674441072,3.0,143.5,0.27756499781388705,0.43810640950282254,0.0,0.4381064095028228,-0.14870612846076925,-0.3340466968967655,0.5129875073700484,-0.17974169231982184,0.28655777365836016,-0.20982704646729464,0.0,1.08100153370329
