,target_com,depth,target_per,threshold,total_get_test,total_use_test,num_com_test,num_pred_test,gain_test,gain_std_test,num_hit_test,buy_hit_per_test,buy_hit_per_std_test,plus_month_num_test,diff_mea_med_test,total_get_final,total_use_final,num_com_final,num_pred_final,gain_final,gain_std_final,num_hit_final,buy_hit_per_final,buy_hit_per_std_final,plus_month_num_final,diff_mea_med_final,total_get_test_score,total_use_test_score,num_com_test_score,num_pred_test_score,gain_test_score,gain_std_test_score,num_hit_test_score,buy_hit_per_test_score,buy_hit_per_std_test_score,plus_month_num_test_score,diff_mea_med_test_score,score
0,4.0,7.0,159.0,0.54,11490.0,7300.0,26.0,73.0,157.39726027397262,136.1166608151769,5.0,6.849315068493151,0.9686394262829418,2.0,0.0,20350.0,5100.0,16.0,51.0,399.0196078431373,713.6785428328359,2.0,3.92156862745098,1.1320593513522073,1.0,0.0,0.45829454230433364,0.43527671396532386,0.0,0.4352767139653251,0.016732520126367393,0.05707833882726443,0.2872297916937098,-0.03965249014185173,0.6558431219410815,0.14624741468979513,0.0,2.4523266673713495
1,7.0,7.0,160.0,0.54,17530.0,10400.0,37.0,104.0,168.55769230769232,144.9944506917937,7.0,6.730769230769231,1.0963225241337864,2.0,-24.666666666666515,10810.0,9400.0,23.0,94.0,115.0,39.34868636253694,14.0,14.893617021276595,4.027594571489556,1.0,95.92592592592598,0.2334847406938784,0.30235831185556267,0.0,0.3023583118555635,-0.06021323549232667,0.06407351299544672,0.011318439390785051,0.22634681454659492,0.3731281552213918,0.0,0.19347627429233316,1.6463313253592298
2,14.0,5.0,102.0,0.54,44470.0,24900.0,24.0,249.0,178.59437751004018,129.0754207865518,10.0,4.016064257028113,0.4918654101974252,4.0,-69.0,17950.0,13800.0,18.0,138.0,130.07246376811594,15.484146566173356,11.0,7.971014492753622,1.106902341776773,3.0,157.5,0.0,0.0,0.0,0.0,0.0,0.0,0.0,0.0,0.0,0.0,0.0,0.0
