,target_com,depth,target_per,threshold,総収益,投資金額,出現数,購買予測数,利益率,購買的中率,的中数
0,1.0,5.0,190.0,0.9,47710.0,42100.0,65716.0,421.0,113.32541567695962,9.73871733966746,41.0
1,3.0,8.0,176.0,0.85,42120.0,40800.0,65716.0,408.0,103.23529411764707,9.068627450980392,37.0
2,4.0,8.0,244.0,0.92,29590.0,21000.0,65716.0,210.0,140.9047619047619,8.095238095238095,17.0
3,5.0,5.0,202.0,0.9,21890.0,32800.0,65716.0,328.0,66.73780487804878,5.7926829268292686,19.0
4,8.0,5.0,196.0,0.9,40840.0,36800.0,65716.0,368.0,110.97826086956522,6.25,23.0
5,9.0,8.0,220.0,0.92,12420.0,23400.0,65716.0,234.0,53.07692307692308,4.273504273504273,10.0
6,10.0,5.0,228.0,0.92,23120.0,29500.0,65716.0,295.0,78.3728813559322,5.762711864406779,17.0
