,target_com,depth,target_per,threshold,総収益,投資金額,出現数,購買予測数,利益率,購買的中率,的中数,的中数_std,利益率_std,score,number_i
0,1.0,5.0,190.0,0.9,102600.0,78100.0,288.0,781.0,131.37003841229193,10.755441741357236,84.0,1.1289927721666515,1.3871189104401647,2.516111682606816,44.0
5,3.0,8.0,176.0,0.85,94830.0,80200.0,173.0,802.0,118.2418952618454,6.109725685785536,49.0,0.3589790793088685,0.98397538950588,1.3429544688147486,37.0
8,4.0,8.0,244.0,0.92,64230.0,47500.0,113.0,475.0,135.22105263157894,5.263157894736842,25.0,-1.0,1.0000000000000049,4.884981308350689e-15,71.0
11,5.0,5.0,202.0,0.9,87040.0,61700.0,194.0,617.0,141.06969205834682,7.6175040518638575,47.0,1.3669883917703998,1.8213931261180336,3.188381517888433,50.0
21,8.0,5.0,196.0,0.9,124140.0,70500.0,108.0,705.0,176.08510638297872,5.24822695035461,37.0,1.3956454015818351,1.78312177090326,3.178767172485095,47.0
29,9.0,8.0,220.0,0.92,60150.0,51500.0,175.0,515.0,116.79611650485438,7.961165048543689,41.0,-1.0,0.9999999999999444,-5.562217353372034e-14,59.0
38,10.0,5.0,228.0,0.92,74210.0,54200.0,150.0,542.0,136.9188191881919,8.671586715867159,47.0,1.102336620230796,2.4509859913357572,3.5533226115665535,63.0
