,target_com,depth,target_per,threshold,総収益,投資金額,出現数,購買予測数,利益率,購買的中率,的中数
0,1.0,5.0,226.0,0.92,28100.0,22200.0,76699.0,222.0,126.57657657657657,10.36036036036036,23.0
1,3.0,8.0,266.0,0.92,16260.0,19100.0,76699.0,191.0,85.13089005235602,6.806282722513089,13.0
2,4.0,8.0,236.0,0.9,17310.0,25300.0,76699.0,253.0,68.41897233201581,5.928853754940711,15.0
3,7.0,8.0,190.0,0.92,20980.0,34400.0,76699.0,344.0,60.98837209302326,3.488372093023256,12.0
4,9.0,5.0,254.0,0.9,18700.0,25300.0,76699.0,253.0,73.91304347826086,5.928853754940711,15.0
