,target_com,depth,target_per,threshold,総収益,投資金額,出現数,購買予測数,利益率,購買的中率,的中数,的中数_std,利益率_std,score,number_i
9,1.0,5.0,174.0,0.92,49390.0,37300.0,204.0,373.0,132.41286863270778,12.064343163538874,45.0,0.4958476604344726,1.8159862521756787,2.311833912610151,36.0
34,3.0,8.0,264.0,0.85,36880.0,25200.0,125.0,252.0,146.34920634920633,10.317460317460316,26.0,-0.4541137661448848,2.361713400489311,1.9075996343444261,81.0
42,4.0,8.0,164.0,0.9,79480.0,54700.0,106.0,547.0,145.30164533820843,5.301645338208409,29.0,2.0,0.6180203861713903,2.6180203861713904,31.0
44,6.0,5.0,166.0,0.92,52710.0,38000.0,121.0,380.0,138.71052631578948,7.894736842105263,30.0,1.886484436567598,1.7110757384640438,3.5975601750316417,32.0
50,8.0,5.0,246.0,0.85,40500.0,29500.0,93.0,295.0,137.28813559322032,5.423728813559322,16.0,-0.4472135954999579,0.7036510770844004,0.2564374815844425,72.0
55,9.0,5.0,230.0,0.85,59420.0,33500.0,107.0,335.0,177.37313432835822,8.358208955223882,28.0,2.131847555036543,2.3411541505161257,4.473001705552669,64.0
88,13.0,8.0,240.0,0.92,44650.0,29700.0,65.0,297.0,150.33670033670035,5.387205387205387,16.0,-1.4142135623730976,1.2532878989695986,-0.160925663403499,69.0
92,14.0,8.0,250.0,0.9,47950.0,24000.0,61.0,240.0,199.79166666666663,6.25,15.0,1.6903085094570327,1.636696746347972,3.3270052558050045,74.0
102,23.0,5.0,254.0,0.92,36510.0,18400.0,55.0,184.0,198.42391304347825,6.521739130434782,12.0,1.4779939172464398,1.7527922261523825,3.2307861433988223,76.0
