,target_com,depth,target_per,threshold,総収益,投資金額,出現数,購買予測数,利益率,購買的中率,的中数
0,1.0,8.0,250.0,0.9,18370.0,20000.0,63069.0,200.0,91.85,8.0,16.0
1,2.0,8.0,244.0,0.92,13100.0,18600.0,63069.0,186.0,70.43010752688173,4.301075268817205,8.0
2,3.0,5.0,258.0,0.9,24830.0,25700.0,63069.0,257.0,96.6147859922179,6.614785992217899,17.0
3,5.0,8.0,130.0,0.92,42740.0,44200.0,63069.0,442.0,96.69683257918552,7.239819004524888,32.0
4,7.0,8.0,180.0,0.92,24710.0,30200.0,63069.0,302.0,81.82119205298012,6.622516556291391,20.0
5,10.0,8.0,226.0,0.85,20070.0,28200.0,63069.0,282.0,71.17021276595744,4.25531914893617,12.0
6,13.0,8.0,264.0,0.92,21160.0,18700.0,63069.0,187.0,113.15508021390374,6.951871657754011,13.0
