,target_com,depth,target_per,threshold,総収益,投資金額,出現数,購買予測数,利益率,購買的中率,的中数
0,2.0,8.0,260.0,0.9,29170.0,22900.0,59419.0,229.0,127.37991266375546,11.790393013100436,27.0
1,6.0,8.0,212.0,0.85,19570.0,30500.0,59419.0,305.0,64.1639344262295,5.573770491803279,17.0
2,7.0,5.0,248.0,0.92,18390.0,28600.0,59419.0,286.0,64.3006993006993,4.545454545454546,13.0
3,9.0,8.0,240.0,0.9,16050.0,22700.0,59419.0,227.0,70.70484581497797,7.048458149779736,16.0
4,11.0,5.0,242.0,0.9,25650.0,21800.0,59419.0,218.0,117.66055045871559,5.963302752293578,13.0
5,12.0,8.0,246.0,0.92,19020.0,19600.0,59419.0,196.0,97.0408163265306,5.612244897959184,11.0
6,14.0,5.0,256.0,0.92,11980.0,23200.0,59419.0,232.0,51.637931034482754,4.741379310344827,11.0
7,24.0,8.0,248.0,0.92,15370.0,17700.0,59419.0,177.0,86.8361581920904,6.779661016949152,12.0
