,target_com,depth,target_per,threshold,総収益,投資金額,出現数,購買予測数,利益率,購買的中率,的中数
0,2.0,8.0,260.0,0.9,62380.0,49500.0,231.0,495.0,126.020202020202,10.909090909090908,54.0
1,6.0,8.0,212.0,0.85,75660.0,59200.0,189.0,592.0,127.80405405405406,10.97972972972973,65.0
2,7.0,5.0,248.0,0.92,57680.0,47800.0,151.0,478.0,120.66945606694561,6.903765690376569,33.0
3,9.0,8.0,240.0,0.9,67500.0,44800.0,181.0,448.0,150.66964285714286,10.9375,49.0
4,11.0,5.0,242.0,0.9,63510.0,45700.0,92.0,457.0,138.9715536105033,5.908096280087528,27.0
5,12.0,8.0,246.0,0.92,55510.0,43200.0,96.0,432.0,128.49537037037038,6.481481481481481,28.0
6,14.0,5.0,256.0,0.92,78460.0,47800.0,78.0,478.0,164.14225941422592,5.648535564853557,27.0
7,24.0,8.0,248.0,0.92,75950.0,37700.0,57.0,377.0,201.45888594164458,5.039787798408488,19.0
