,target_com,depth,target_per,threshold,総収益,投資金額,出現数,購買予測数,利益率,購買的中率,的中数
0,2.0,8.0,260.0,0.9,28070.0,22600.0,53592.0,226.0,124.20353982300884,11.504424778761061,26.0
1,6.0,8.0,212.0,0.85,15970.0,26800.0,53592.0,268.0,59.589552238805965,6.343283582089552,17.0
2,7.0,5.0,248.0,0.92,22240.0,27700.0,53592.0,277.0,80.28880866425993,6.859205776173286,19.0
3,9.0,8.0,240.0,0.9,22480.0,21800.0,53592.0,218.0,103.11926605504587,7.79816513761468,17.0
4,11.0,5.0,242.0,0.9,26570.0,21200.0,53592.0,212.0,125.33018867924528,8.018867924528301,17.0
5,12.0,8.0,246.0,0.92,16140.0,17400.0,53592.0,174.0,92.75862068965517,6.896551724137931,12.0
6,14.0,5.0,256.0,0.92,28110.0,21400.0,53592.0,214.0,131.3551401869159,10.2803738317757,22.0
7,24.0,8.0,248.0,0.92,22360.0,19200.0,53592.0,192.0,116.45833333333333,11.458333333333332,22.0
