,target_com,depth,target_per,threshold,総収益,投資金額,出現数,購買予測数,利益率,購買的中率,的中数,的中数_std,利益率_std,score,number_i
3,2.0,8.0,260.0,0.9,62380.0,49500.0,231.0,495.0,126.020202020202,10.909090909090908,54.0,0.4153735803678491,2.4970092794672047,2.912382859835054,79.0
9,6.0,8.0,212.0,0.85,75660.0,59200.0,189.0,592.0,127.80405405405406,10.97972972972973,65.0,1.355418190059937,1.2174899418034275,2.5729081318633646,55.0
14,7.0,5.0,248.0,0.92,57680.0,47800.0,151.0,478.0,120.6694560669456,6.903765690376569,33.0,-1.0,1.0000000000000033,3.3306690738754696e-15,73.0
40,9.0,8.0,240.0,0.9,67500.0,44800.0,181.0,448.0,150.66964285714286,10.9375,49.0,-0.03316549415088827,2.744361530776435,2.7111960366255468,69.0
49,11.0,5.0,242.0,0.9,63510.0,45700.0,92.0,457.0,138.9715536105033,5.908096280087528,27.0,1.3728129459672875,1.4064054443823437,2.779218390349631,70.0
52,12.0,8.0,246.0,0.92,55510.0,43200.0,96.0,432.0,128.49537037037038,6.481481481481481,28.0,,,,72.0
57,14.0,5.0,256.0,0.92,78460.0,47800.0,78.0,478.0,164.14225941422592,5.648535564853557,27.0,0.8944271909999159,1.3920360169744603,2.2864632079743763,77.0
65,24.0,8.0,248.0,0.92,75950.0,37700.0,57.0,377.0,201.45888594164452,5.039787798408488,19.0,0.2,1.078186622167426,1.2781866221674258,73.0
