,target_com,depth,target_per,threshold,総収益,投資金額,出現数,購買予測数,利益率,購買的中率,的中数
0,1.0,8.0,138.0,0.85,46830.0,49800.0,64618.0,498.0,94.03614457831326,9.839357429718875,49.0
1,2.0,5.0,152.0,0.9,32350.0,35900.0,64618.0,359.0,90.11142061281338,10.30640668523677,37.0
2,4.0,8.0,216.0,0.92,28850.0,26600.0,64618.0,266.0,108.45864661654134,7.142857142857142,19.0
3,6.0,5.0,158.0,0.92,43180.0,44000.0,64618.0,440.0,98.13636363636363,7.2727272727272725,32.0
4,21.0,8.0,238.0,0.85,27460.0,24300.0,64618.0,243.0,113.00411522633745,12.345679012345679,30.0
5,22.0,8.0,230.0,0.85,49300.0,30300.0,64618.0,303.0,162.7062706270627,10.231023102310232,31.0
