,target_com,depth,target_per,threshold,総収益,投資金額,出現数,購買予測数,利益率,購買的中率,的中数
0,1.0,8.0,138.0,0.85,124560.0,101800.0,298.0,1018.0,122.35756385068761,11.394891944990176,116.0
1,2.0,5.0,152.0,0.9,111480.0,77100.0,224.0,771.0,144.59143968871595,10.635538261997405,82.0
2,4.0,8.0,216.0,0.92,78280.0,48900.0,114.0,489.0,160.08179959100204,6.134969325153374,30.0
3,6.0,5.0,158.0,0.92,108080.0,88400.0,188.0,884.0,122.26244343891403,8.3710407239819,74.0
4,21.0,8.0,238.0,0.85,69570.0,49600.0,111.0,496.0,140.26209677419354,5.64516129032258,28.0
5,22.0,8.0,230.0,0.85,101160.0,54900.0,113.0,549.0,184.2622950819672,5.646630236794172,31.0
