,target_com,depth,target_per,threshold,総収益,投資金額,出現数,購買予測数,利益率,購買的中率,的中数,的中数_std,利益率_std,score,number_i
20,1.0,8.0,138.0,0.85,124560.0,101800.0,298.0,1018.0,122.3575638506876,11.394891944990176,116.0,2.3992447717499354,0.2616885186778536,2.660933290427789,18.0
47,2.0,5.0,152.0,0.9,111480.0,77100.0,224.0,771.0,144.59143968871595,10.635538261997404,82.0,1.067573628514326,2.4769379669531078,3.5445115954674336,25.0
79,4.0,8.0,216.0,0.92,78280.0,48900.0,114.0,489.0,160.08179959100204,6.134969325153374,30.0,0.13055453308385678,3.0694959296307576,3.2000504627146142,57.0
88,6.0,5.0,158.0,0.92,108080.0,88400.0,188.0,884.0,122.26244343891403,8.3710407239819,74.0,2.008626927173098,0.5914890168130209,2.600115943986119,28.0
111,21.0,8.0,238.0,0.85,69570.0,49600.0,111.0,496.0,140.26209677419354,5.64516129032258,28.0,1.1198653314822,2.440468783439264,3.5603341149214645,68.0
125,22.0,8.0,230.0,0.85,101160.0,54900.0,113.0,549.0,184.2622950819672,5.646630236794172,31.0,1.8788984448325659,0.8846495828915563,2.7635480277241222,64.0
