,target_com,depth,target_per,threshold,総収益,投資金額,出現数,購買予測数,利益率,購買的中率,的中数
0,1.0,5.0,148.0,0.92,96270.0,78600.0,335.0,786.0,122.48091603053435,13.358778625954198,105.0
1,2.0,8.0,254.0,0.92,50790.0,37900.0,228.0,379.0,134.01055408970976,9.234828496042216,35.0
2,9.0,8.0,250.0,0.92,49960.0,37000.0,159.0,370.0,135.02702702702703,8.378378378378379,31.0
3,13.0,8.0,196.0,0.92,79120.0,61300.0,91.0,613.0,129.07014681892332,5.220228384991843,32.0
4,21.0,5.0,238.0,0.92,87980.0,49300.0,124.0,493.0,178.45841784989858,6.288032454361055,31.0
