,target_com,depth,target_per,threshold,総収益,投資金額,出現数,購買予測数,利益率,購買的中率,的中数
0,1.0,5.0,148.0,0.92,41520.0,39800.0,63331.0,398.0,104.32160804020101,12.311557788944723,49.0
1,2.0,8.0,254.0,0.92,25510.0,22600.0,63331.0,226.0,112.87610619469027,10.176991150442479,23.0
2,9.0,8.0,250.0,0.92,19630.0,18700.0,63331.0,187.0,104.97326203208557,8.55614973262032,16.0
3,13.0,8.0,196.0,0.92,19480.0,31000.0,63331.0,310.0,62.83870967741936,5.806451612903226,18.0
4,21.0,5.0,238.0,0.92,27770.0,30400.0,63331.0,304.0,91.34868421052632,9.539473684210527,29.0
