,target_com,depth,target_per,threshold,総収益,投資金額,出現数,購買予測数,利益率,購買的中率,的中数,的中数_std,利益率_std,score,number_i
11,1.0,5.0,116.0,0.92,85410.0,68600.0,335.0,686.0,124.50437317784258,15.014577259475216,103.0,1.7289522568609115,1.3188737331515616,3.0478259900124733,7.0
26,5.0,5.0,194.0,0.85,49750.0,41600.0,237.0,416.0,119.59134615384616,10.336538461538462,43.0,,,,46.0
33,11.0,8.0,212.0,0.9,65400.0,32500.0,91.0,325.0,201.23076923076923,5.538461538461538,18.0,-0.038518560788567135,2.070726254155757,2.03220769336719,55.0
37,13.0,5.0,216.0,0.9,31630.0,24900.0,91.0,249.0,127.0281124497992,6.024096385542169,15.0,-1.0,1.0000000000000013,1.3322676295501878e-15,57.0
39,16.0,5.0,256.0,0.92,52050.0,16500.0,44.0,165.0,315.4545454545455,5.454545454545454,9.0,-1.0,1.0000000000000004,4.440892098500626e-16,77.0
78,21.0,8.0,208.0,0.85,55600.0,30100.0,124.0,301.0,184.717607973422,7.641196013289036,23.0,-0.6119360385532091,4.592438053523113,3.9805020149699035,53.0
104,23.0,5.0,208.0,0.9,48290.0,28900.0,74.0,289.0,167.09342560553634,5.190311418685121,15.0,1.0,1.0000000000000007,2.000000000000001,53.0
113,26.0,5.0,172.0,0.92,80420.0,31500.0,47.0,315.0,255.3015873015873,5.714285714285714,18.0,1.2532566273166257,2.4103766340519055,3.663633261368531,35.0
