,target_com,depth,target_per,threshold,総収益,投資金額,出現数,購買予測数,利益率,購買的中率,的中数
0,1.0,8.0,122.0,0.92,23500.0,26400.0,56804.0,264.0,89.01515151515152,11.363636363636363,30.0
1,4.0,8.0,224.0,0.85,10210.0,11400.0,56804.0,114.0,89.56140350877193,10.526315789473683,12.0
2,5.0,8.0,156.0,0.92,10340.0,13000.0,56804.0,130.0,79.53846153846153,10.0,13.0
3,9.0,8.0,242.0,0.85,10820.0,14500.0,56804.0,145.0,74.62068965517241,5.517241379310345,8.0
4,11.0,5.0,244.0,0.92,3620.0,10000.0,56804.0,100.0,36.199999999999996,4.0,4.0
5,13.0,5.0,172.0,0.92,23690.0,15700.0,56804.0,157.0,150.89171974522293,12.738853503184714,20.0
6,17.0,8.0,256.0,0.85,7220.0,14200.0,56804.0,142.0,50.84507042253521,4.225352112676056,6.0
7,21.0,8.0,214.0,0.9,8420.0,12200.0,56804.0,122.0,69.01639344262294,9.01639344262295,11.0
