,target_com,depth,target_per,threshold,総収益,投資金額,出現数,購買予測数,利益率,購買的中率,的中数,的中数_std,利益率_std,score,number_i
9,1.0,8.0,122.0,0.92,65230.0,52200.0,279.0,522.0,124.9616858237548,13.984674329501914,73.0,1.1674520625068854,1.498471339855899,2.6659234023627842,10.0
28,4.0,8.0,224.0,0.85,46870.0,24700.0,98.0,247.0,189.7570850202429,8.097165991902834,20.0,0.7540881148792797,3.072171111264848,3.8262592261441277,61.0
55,5.0,8.0,156.0,0.92,43220.0,25100.0,212.0,251.0,172.19123505976094,13.147410358565736,33.0,-1.0560915434757265,3.1961936754331566,2.14010213195743,27.0
60,9.0,8.0,242.0,0.85,36970.0,28100.0,187.0,281.0,131.5658362989324,14.590747330960854,41.0,1.2070196981508376,1.6968787518822936,2.9038984500331315,70.0
61,11.0,5.0,244.0,0.92,26130.0,22700.0,101.0,227.0,115.11013215859032,7.929515418502203,18.0,,,,71.0
68,13.0,5.0,172.0,0.92,60510.0,36700.0,70.0,367.0,164.8773841961853,6.267029972752043,23.0,1.6348477827391983,0.9569390168428895,2.5917867995820876,35.0
97,17.0,8.0,256.0,0.85,42420.0,20900.0,56.0,209.0,202.96650717703352,7.177033492822966,15.0,1.0386825353491724,2.000583741979019,3.039266277328191,77.0
127,21.0,8.0,214.0,0.9,54640.0,24600.0,81.0,246.0,222.1138211382114,6.910569105691057,17.0,1.2566242388287518,4.013757412071352,5.270381650900104,56.0
