,target_com,depth,target_per,threshold,総収益,投資金額,出現数,購買予測数,利益率,購買的中率,的中数
0,5.0,5.0,154.0,0.9,38140.0,42800.0,60312.0,428.0,89.11214953271028,12.149532710280374,52.0
1,6.0,5.0,244.0,0.9,17420.0,21100.0,60312.0,211.0,82.55924170616113,8.530805687203792,18.0
2,18.0,8.0,260.0,0.92,11780.0,13400.0,60312.0,134.0,87.91044776119404,6.7164179104477615,9.0
