,target_com,depth,target_per,threshold,総収益,投資金額,出現数,購買予測数,利益率,購買的中率,的中数,的中数_std,利益率_std,score,number_i
6,5.0,5.0,154.0,0.9,118460.0,90000.0,269.0,900.0,131.6222222222222,9.22222222222222,83.0,0.4671244949024782,2.2580151592340885,2.7251396541365667,26.0
16,6.0,5.0,244.0,0.9,66680.0,39900.0,221.0,399.0,167.11779448621553,11.528822055137844,46.0,-0.07352146220938077,1.3566276189631408,1.28310615675376,71.0
23,18.0,8.0,260.0,0.92,88340.0,26300.0,60.0,263.0,335.89353612167304,5.323193916349809,14.0,,0.9999999999999983,,79.0
