,target_com,depth,target_per,threshold,総収益,投資金額,出現数,購買予測数,利益率,購買的中率,的中数
0,1.0,8.0,146.0,0.85,125220.0,92300.0,258.0,923.0,135.66630552546047,10.725893824485373,99.0
1,3.0,8.0,244.0,0.85,87890.0,57500.0,124.0,575.0,152.8521739130435,7.304347826086957,42.0
2,4.0,5.0,186.0,0.92,93750.0,68600.0,119.0,686.0,136.66180758017492,6.851311953352769,47.0
3,7.0,8.0,112.0,0.85,179090.0,124700.0,134.0,1247.0,143.616680032077,5.45308740978348,68.0
4,11.0,8.0,264.0,0.92,56990.0,39100.0,93.0,391.0,145.7544757033248,6.649616368286446,26.0
