,target_com,depth,target_per,threshold,総収益,投資金額,出現数,購買予測数,利益率,購買的中率,的中数
0,1.0,8.0,146.0,0.85,72110.0,49600.0,64454.0,496.0,145.38306451612902,10.887096774193548,54.0
1,3.0,8.0,244.0,0.85,29250.0,28000.0,64454.0,280.0,104.46428571428572,8.928571428571429,25.0
2,4.0,5.0,186.0,0.92,20900.0,31100.0,64454.0,311.0,67.20257234726688,6.430868167202572,20.0
3,7.0,8.0,112.0,0.85,64970.0,62300.0,64454.0,623.0,104.28571428571429,7.062600321027287,44.0
4,11.0,8.0,264.0,0.92,17290.0,24800.0,64454.0,248.0,69.71774193548387,4.435483870967742,11.0
