,target_com,depth,target_per,threshold,総収益,投資金額,出現数,購買予測数,利益率,購買的中率,的中数,的中数_std,利益率_std,score,number_i
33,1.0,8.0,146.0,0.85,125220.0,92300.0,258.0,923.0,135.66630552546047,10.725893824485372,99.0,2.7735359998568514,1.9853971286084933,4.758933128465345,22.0
105,3.0,8.0,244.0,0.85,87890.0,57500.0,124.0,575.0,152.8521739130435,7.304347826086957,42.0,1.3024879632005675,2.067179734371314,3.3696676975718813,71.0
127,4.0,5.0,186.0,0.92,93750.0,68600.0,119.0,686.0,136.66180758017492,6.851311953352769,47.0,0.32704966192572643,2.890109199286193,3.2171588612119195,42.0
165,7.0,8.0,112.0,0.85,179090.0,124700.0,134.0,1247.0,143.616680032077,5.45308740978348,68.0,2.0178513173587724,0.8439765601054088,2.861827877464181,5.0
189,11.0,8.0,264.0,0.92,56990.0,39100.0,93.0,391.0,145.7544757033248,6.649616368286446,26.0,0.6642111641550713,1.436300766547715,2.1005119307027864,81.0
