,target_com,depth,target_per,threshold,総収益,投資金額,出現数,購買予測数,利益率,購買的中率,的中数
0,5.0,5.0,214.0,0.92,62630.0,48400.0,245.0,484.0,129.400826446281,10.743801652892563,52.0
1,8.0,8.0,168.0,0.85,107390.0,83400.0,114.0,834.0,128.76498800959234,5.635491606714628,47.0
2,9.0,5.0,242.0,0.92,46580.0,40200.0,152.0,402.0,115.87064676616916,8.45771144278607,34.0
3,10.0,5.0,240.0,0.85,80040.0,51600.0,137.0,516.0,155.11627906976744,7.945736434108527,41.0
4,13.0,8.0,228.0,0.9,61240.0,44600.0,88.0,446.0,137.30941704035874,5.605381165919283,25.0
5,22.0,8.0,266.0,0.85,69270.0,41900.0,80.0,419.0,165.3221957040573,5.4892601431980905,23.0
