,target_com,depth,target_per,threshold,総収益,投資金額,出現数,購買予測数,利益率,購買的中率,的中数
0,5.0,5.0,214.0,0.92,21500.0,25200.0,58726.0,252.0,85.31746031746032,9.920634920634921,25.0
1,8.0,8.0,168.0,0.85,23510.0,40300.0,58726.0,403.0,58.33746898263027,8.436724565756824,34.0
2,9.0,5.0,242.0,0.92,17400.0,24400.0,58726.0,244.0,71.31147540983606,6.967213114754098,17.0
3,10.0,5.0,240.0,0.85,17980.0,30200.0,58726.0,302.0,59.5364238410596,7.6158940397351,23.0
4,13.0,8.0,228.0,0.9,10670.0,20500.0,58726.0,205.0,52.048780487804876,7.317073170731707,15.0
5,22.0,8.0,266.0,0.85,10320.0,20300.0,58726.0,203.0,50.837438423645324,4.926108374384237,10.0
