,target_com,depth,target_per,threshold,総収益,投資金額,出現数,購買予測数,利益率,購買的中率,的中数
0,2.0,5.0,188.0,0.9,80990.0,68400.0,247.0,684.0,118.40643274853801,10.23391812865497,70.0
1,4.0,8.0,242.0,0.9,66230.0,43900.0,126.0,439.0,150.8656036446469,6.605922551252847,29.0
2,21.0,8.0,198.0,0.85,116680.0,72200.0,121.0,722.0,161.606648199446,5.678670360110803,41.0
3,22.0,8.0,156.0,0.92,119680.0,74900.0,120.0,749.0,159.78638184245662,5.2069425901201605,39.0
