,target_com,depth,target_per,threshold,総収益,投資金額,出現数,購買予測数,利益率,購買的中率,的中数
0,2.0,5.0,188.0,0.9,24270.0,33400.0,59479.0,334.0,72.66467065868264,10.479041916167663,35.0
1,4.0,8.0,242.0,0.9,14950.0,23300.0,59479.0,233.0,64.16309012875536,9.012875536480687,21.0
2,21.0,8.0,198.0,0.85,27290.0,37600.0,59479.0,376.0,72.57978723404256,9.308510638297872,35.0
3,22.0,8.0,156.0,0.92,29750.0,35800.0,59479.0,358.0,83.10055865921788,6.983240223463687,25.0
