,target_com,depth,target_per,threshold,総収益,投資金額,出現数,購買予測数,利益率,購買的中率,的中数,的中数_std,利益率_std,score,number_i
22,2.0,8.0,146.0,0.92,62940.0,46600.0,247.0,466.0,135.06437768240343,13.090128755364807,61.0,1.0944561666083836,2.3938954481786725,3.488351614787056,22.0
87,4.0,8.0,246.0,0.85,38880.0,22600.0,126.0,226.0,172.03539823008848,8.4070796460177,19.0,-1.225113366128162,4.028886534234928,2.8037731681067664,72.0
127,6.0,8.0,232.0,0.85,43730.0,34600.0,197.0,346.0,126.38728323699422,12.13872832369942,42.0,2.2305212900183733,1.132433494799435,3.3629547848178083,65.0
137,9.0,5.0,202.0,0.85,60410.0,40800.0,173.0,408.0,148.06372549019608,9.558823529411764,39.0,1.1263251813927815,1.8353020769086488,2.96162725830143,50.0
151,10.0,5.0,166.0,0.92,39770.0,33900.0,116.0,339.0,117.31563421828908,6.489675516224189,22.0,,,,32.0
160,13.0,8.0,184.0,0.85,67230.0,43500.0,71.0,435.0,154.55172413793105,5.747126436781609,25.0,1.3258128985949778,0.9195396332756278,2.245352531870606,41.0
218,21.0,8.0,112.0,0.9,121120.0,83600.0,121.0,836.0,144.8803827751196,5.861244019138756,49.0,0.948954117074575,2.1596121331218043,3.1085662501963793,5.0
231,22.0,5.0,112.0,0.85,131040.0,90100.0,120.0,901.0,145.43840177580466,5.438401775804662,49.0,2.611374892229551,0.455830838556053,3.067205730785604,5.0
289,27.0,8.0,252.0,0.92,20990.0,14200.0,30.0,142.0,147.8169014084507,7.042253521126761,10.0,-0.31622776601683866,2.3392446741496933,2.0230169081328544,75.0
