,target_com,depth,target_per,threshold,総収益,投資金額,出現数,購買予測数,利益率,購買的中率,的中数
0,1.0,8.0,230.0,0.9,20110.0,23100.0,55541.0,231.0,87.05627705627705,12.121212121212121,28.0
1,3.0,8.0,260.0,0.92,18280.0,19000.0,55541.0,190.0,96.21052631578947,10.526315789473683,20.0
2,4.0,8.0,174.0,0.92,23500.0,29200.0,55541.0,292.0,80.47945205479452,8.21917808219178,24.0
3,5.0,8.0,254.0,0.85,22270.0,31200.0,55541.0,312.0,71.37820512820512,9.294871794871796,29.0
4,8.0,8.0,206.0,0.92,21870.0,27400.0,55541.0,274.0,79.81751824817518,6.569343065693431,18.0
5,10.0,5.0,158.0,0.92,37760.0,43800.0,55541.0,438.0,86.21004566210046,6.621004566210045,29.0
6,11.0,8.0,230.0,0.85,17910.0,28300.0,55541.0,283.0,63.28621908127209,5.30035335689046,15.0
7,14.0,5.0,210.0,0.92,33290.0,35800.0,55541.0,358.0,92.98882681564245,6.424581005586592,23.0
