,target_com,depth,target_per,threshold,総収益,投資金額,出現数,購買予測数,利益率,購買的中率,的中数
0,1.0,8.0,230.0,0.9,57470.0,46300.0,317.0,463.0,124.12526997840172,15.766738660907128,73.0
1,3.0,8.0,260.0,0.92,55490.0,38100.0,196.0,381.0,145.64304461942257,12.335958005249344,47.0
2,4.0,8.0,174.0,0.92,79550.0,59400.0,115.0,594.0,133.92255892255892,6.0606060606060606,36.0
3,5.0,8.0,254.0,0.85,78270.0,51100.0,289.0,511.0,153.1702544031311,12.720156555772993,65.0
4,8.0,8.0,206.0,0.92,68780.0,54000.0,111.0,540.0,127.37037037037038,5.555555555555555,30.0
5,10.0,5.0,158.0,0.92,112490.0,86800.0,166.0,868.0,129.59677419354838,7.4884792626728105,65.0
6,11.0,8.0,230.0,0.85,62480.0,48100.0,119.0,481.0,129.8960498960499,5.8212058212058215,28.0
7,14.0,5.0,210.0,0.92,112290.0,59700.0,105.0,597.0,188.09045226130655,5.527638190954774,33.0
