,target_com,depth,target_per,threshold,総収益,投資金額,出現数,購買予測数,利益率,購買的中率,的中数,的中数_std,利益率_std,score,number_i
0,1.0,8.0,230.0,0.9,57470.0,46300.0,317.0,463.0,124.12526997840172,15.766738660907128,73.0,,,,64.0
50,3.0,8.0,260.0,0.92,55490.0,38100.0,196.0,381.0,145.64304461942257,12.335958005249344,47.0,-0.6004250666624854,3.1526908569901644,2.552265790327679,79.0
57,4.0,8.0,174.0,0.92,79550.0,59400.0,115.0,594.0,133.92255892255892,6.0606060606060606,36.0,0.07808688094430413,1.5145878149611227,1.5926746959054268,36.0
140,5.0,8.0,254.0,0.85,78270.0,51100.0,289.0,511.0,153.1702544031311,12.720156555772991,65.0,-0.08229131940911705,3.0141947796034954,2.9319034601943783,76.0
185,8.0,8.0,206.0,0.92,68780.0,54000.0,111.0,540.0,127.37037037037038,5.555555555555555,30.0,0.2773500981126146,1.663360487545474,1.9407105856580884,52.0
195,10.0,5.0,158.0,0.92,112490.0,86800.0,166.0,868.0,129.59677419354838,7.48847926267281,65.0,0.4449609226719256,1.7896529470584488,2.2346138697303743,28.0
198,11.0,8.0,230.0,0.85,62480.0,48100.0,119.0,481.0,129.8960498960499,5.8212058212058215,28.0,0.9622504486493763,0.20671171183066844,1.1689621604800446,64.0
208,14.0,5.0,210.0,0.92,112290.0,59700.0,105.0,597.0,188.09045226130647,5.527638190954774,33.0,1.2038887175035728,2.7056729946868536,3.9095617121904267,54.0
