,target_com,depth,target_per,threshold,総収益,投資金額,出現数,購買予測数,利益率,購買的中率,的中数
0,1.0,5.0,246.0,0.9,34550.0,31200.0,172.0,312.0,110.73717948717949,12.5,39.0
1,4.0,8.0,202.0,0.85,26910.0,35900.0,55.0,359.0,74.95821727019498,3.6211699164345403,13.0
2,7.0,5.0,132.0,0.9,36430.0,57200.0,70.0,572.0,63.68881118881119,4.72027972027972,27.0
3,13.0,5.0,120.0,0.85,27630.0,62000.0,40.0,620.0,44.564516129032256,2.741935483870968,17.0
