,target_com,depth,target_per,threshold,総収益,投資金額,出現数,購買予測数,利益率,購買的中率,的中数
0,1.0,5.0,246.0,0.9,49260.0,58800.0,311.0,588.0,83.77551020408164,10.54421768707483,62.0
1,4.0,8.0,202.0,0.85,41370.0,67500.0,97.0,675.0,61.28888888888889,3.7037037037037033,25.0
2,7.0,5.0,132.0,0.9,79740.0,114600.0,145.0,1146.0,69.58115183246073,4.973821989528796,57.0
3,13.0,5.0,120.0,0.85,116970.0,105900.0,93.0,1059.0,110.45325779036827,4.53257790368272,48.0
