,target_com,depth,target_per,threshold,総収益,投資金額,出現数,購買予測数,利益率,購買的中率,的中数
0,1.0,5.0,246.0,0.9,46570.0,29800.0,172.0,298.0,156.27516778523488,13.758389261744966,41.0
1,4.0,8.0,202.0,0.85,45790.0,35700.0,55.0,357.0,128.26330532212887,4.761904761904762,17.0
2,7.0,5.0,132.0,0.9,43790.0,57200.0,70.0,572.0,76.55594405594405,4.020979020979021,23.0
3,13.0,5.0,120.0,0.85,41750.0,53700.0,40.0,537.0,77.74674115456239,3.7243947858473,20.0
