,target_com,depth,target_per,threshold,総収益,投資金額,出現数,購買予測数,利益率,購買的中率,的中数
0,1.0,5.0,246.0,0.9,45560.0,30900.0,172.0,309.0,147.4433656957929,13.915857605177994,43.0
1,4.0,8.0,202.0,0.85,39900.0,31000.0,55.0,310.0,128.70967741935485,4.838709677419355,15.0
2,7.0,5.0,132.0,0.9,44650.0,57200.0,70.0,572.0,78.05944055944056,4.895104895104895,28.0
3,13.0,5.0,120.0,0.85,43390.0,53900.0,40.0,539.0,80.50092764378479,3.710575139146568,20.0
