,target_com,depth,target_per,threshold,総収益,投資金額,出現数,購買予測数,利益率,購買的中率,的中数
0,1.0,5.0,246.0,0.9,38000.0,29100.0,67887.0,291.0,130.58419243986253,13.745704467353953,40.0
1,4.0,8.0,202.0,0.85,31470.0,29200.0,67887.0,292.0,107.77397260273973,8.561643835616438,25.0
2,7.0,5.0,132.0,0.9,51220.0,50800.0,67887.0,508.0,100.8267716535433,8.070866141732283,41.0
3,13.0,5.0,120.0,0.85,31740.0,48800.0,67887.0,488.0,65.04098360655738,4.713114754098361,23.0
