,target_com,depth,target_per,threshold,総収益,投資金額,出現数,購買予測数,利益率,購買的中率,的中数
0,1.0,5.0,246.0,0.9,71450.0,60900.0,311.0,609.0,117.32348111658457,11.986863711001643,73.0
1,4.0,8.0,202.0,0.85,63430.0,59900.0,97.0,599.0,105.89315525876461,4.841402337228715,29.0
2,7.0,5.0,132.0,0.9,85240.0,114800.0,145.0,1148.0,74.25087108013938,4.965156794425087,57.0
3,13.0,5.0,120.0,0.85,84680.0,100100.0,93.0,1001.0,84.5954045954046,4.095904095904096,41.0
