,target_com,depth,target_per,threshold,総収益,投資金額,出現数,購買予測数,利益率,購買的中率,的中数
0,1.0,5.0,246.0,0.9,56470.0,56300.0,311.0,563.0,100.30195381882771,10.657193605683837,60.0
1,4.0,8.0,202.0,0.85,83680.0,65900.0,97.0,659.0,126.98027314112292,4.855842185128983,32.0
2,7.0,5.0,132.0,0.9,93080.0,117300.0,145.0,1173.0,79.35208866155158,4.859335038363171,57.0
3,13.0,5.0,120.0,0.85,96310.0,105100.0,93.0,1051.0,91.63653663177925,4.281636536631779,45.0
