,target_com,depth,target_per,threshold,総収益,投資金額,出現数,購買予測数,利益率,購買的中率,的中数,的中数_std,利益率_std,score,number_i
34,1.0,5.0,246.0,0.9,87640.0,56800.0,310.0,568.0,154.29577464788733,14.43661971830986,82.0,-0.20808283154435447,4.0916624563733,3.883579624828946,72.0
136,4.0,8.0,202.0,0.85,98490.0,66300.0,114.0,663.0,148.55203619909503,5.88235294117647,39.0,-0.3264282465189187,2.6351994601169006,2.308771213597982,50.0
151,7.0,5.0,132.0,0.9,139840.0,107700.0,143.0,1077.0,129.8421541318477,6.035283194057568,65.0,2.3579496327505036,0.9901197678104817,3.3480694005609855,15.0
158,13.0,5.0,120.0,0.85,161460.0,103200.0,105.0,1032.0,156.45348837209303,6.007751937984496,62.0,2.7687103653123817,1.6757375512268242,4.444447916539206,9.0
