,target_com,depth,target_per,threshold,総収益,投資金額,出現数,購買予測数,利益率,購買的中率,的中数
0,1.0,8.0,130.0,0.92,66110.0,55700.0,381.0,557.0,118.68940754039497,16.517055655296232,92.0
1,4.0,5.0,114.0,0.85,129140.0,96000.0,147.0,960.0,134.52083333333334,7.5,72.0
2,8.0,5.0,258.0,0.92,32780.0,19200.0,78.0,192.0,170.72916666666666,10.9375,21.0
3,10.0,5.0,178.0,0.85,61670.0,50300.0,175.0,503.0,122.60437375745528,8.548707753479125,43.0
4,11.0,5.0,214.0,0.85,55980.0,35000.0,118.0,350.0,159.94285714285715,8.0,28.0
5,13.0,8.0,236.0,0.92,47830.0,23300.0,115.0,233.0,205.27896995708153,12.017167381974248,28.0
6,17.0,8.0,256.0,0.92,49190.0,20000.0,65.0,200.0,245.95,6.0,12.0
7,23.0,8.0,234.0,0.85,82020.0,39800.0,72.0,398.0,206.08040201005028,7.2864321608040195,29.0
