,target_com,depth,target_per,threshold,総収益,投資金額,出現数,購買予測数,利益率,購買的中率,的中数
0,1.0,8.0,130.0,0.92,30430.0,26700.0,51379.0,267.0,113.97003745318352,15.355805243445692,41.0
1,4.0,5.0,114.0,0.85,46590.0,44800.0,51379.0,448.0,103.99553571428572,7.8125,35.0
2,8.0,5.0,258.0,0.92,4800.0,8200.0,51379.0,82.0,58.536585365853654,6.097560975609756,5.0
3,10.0,5.0,178.0,0.85,48960.0,24500.0,51379.0,245.0,199.83673469387756,10.612244897959183,26.0
4,11.0,5.0,214.0,0.85,15890.0,18900.0,51379.0,189.0,84.07407407407408,8.465608465608465,16.0
5,13.0,8.0,236.0,0.92,8160.0,10700.0,51379.0,107.0,76.26168224299066,6.5420560747663545,7.0
6,17.0,8.0,256.0,0.92,10550.0,8900.0,51379.0,89.0,118.53932584269661,7.865168539325842,7.0
7,23.0,8.0,234.0,0.85,12200.0,19000.0,51379.0,190.0,64.21052631578948,5.7894736842105265,11.0
