,target_com,depth,target_per,threshold,総収益,投資金額,出現数,購買予測数,利益率,購買的中率,的中数,的中数_std,利益率_std,score,number_i
1,1.0,5.0,230.0,0.92,61920.0,52000.0,381.0,520.0,119.07692307692308,12.884615384615383,67.0,-1.144230879314621,1.4058531337202627,0.2616222544056417,64.0
17,4.0,5.0,118.0,0.9,173240.0,109800.0,147.0,1098.0,157.77777777777777,6.10200364298725,67.0,1.2685371359337552,2.4730532620804966,3.7415903980142518,8.0
99,10.0,5.0,244.0,0.92,65680.0,45900.0,175.0,459.0,143.0936819172113,8.061002178649238,37.0,-0.7768985960673565,2.4547162598461583,1.6778176637788018,71.0
113,11.0,8.0,208.0,0.92,84070.0,57800.0,118.0,578.0,145.44982698961937,5.709342560553633,33.0,0.4558423058385514,2.004357346627927,2.4601996524664784,53.0
120,13.0,5.0,238.0,0.9,113040.0,66200.0,115.0,662.0,170.75528700906344,5.740181268882175,38.0,0.12173328601414868,3.012996296049447,3.1347295820635956,68.0
142,23.0,5.0,252.0,0.85,132740.0,63800.0,72.0,638.0,208.0564263322884,6.112852664576803,39.0,2.4411682296763972,1.5182394417990503,3.9594076714754474,75.0
