,target_com,depth,target_per,threshold,総収益,投資金額,出現数,購買予測数,利益率,購買的中率,的中数
0,4.0,8.0,214.0,0.85,30360.0,33900.0,61740.0,339.0,89.5575221238938,9.734513274336283,33.0
1,10.0,5.0,152.0,0.85,25430.0,42300.0,61740.0,423.0,60.118203309692674,7.5650118203309695,32.0
2,11.0,8.0,234.0,0.92,11470.0,22800.0,61740.0,228.0,50.307017543859644,5.701754385964912,13.0
3,12.0,8.0,262.0,0.92,24760.0,25300.0,61740.0,253.0,97.86561264822134,5.928853754940711,15.0
4,21.0,8.0,178.0,0.92,42330.0,39100.0,61740.0,391.0,108.26086956521739,12.020460358056265,47.0
