,target_com,depth,target_per,threshold,総収益,投資金額,出現数,購買予測数,利益率,購買的中率,的中数
0,4.0,8.0,214.0,0.85,87590.0,71300.0,139.0,713.0,122.84712482468443,6.872370266479663,49.0
1,10.0,5.0,152.0,0.85,125450.0,94100.0,171.0,941.0,133.31562167906483,7.226354941551541,68.0
2,11.0,8.0,234.0,0.92,53080.0,45200.0,102.0,452.0,117.43362831858406,5.530973451327434,25.0
3,12.0,8.0,262.0,0.92,61150.0,49700.0,102.0,497.0,123.03822937625755,6.036217303822937,30.0
4,21.0,8.0,178.0,0.92,96980.0,66600.0,96.0,666.0,145.6156156156156,6.156156156156156,41.0
