,target_com,depth,target_per,threshold,総収益,投資金額,出現数,購買予測数,利益率,購買的中率,的中数,的中数_std,利益率_std,score,number_i
5,4.0,8.0,214.0,0.85,87590.0,71300.0,139.0,713.0,122.84712482468444,6.872370266479663,49.0,0.45687707232980085,1.0969744114129616,1.5538514837427624,56.0
10,10.0,5.0,152.0,0.85,125450.0,94100.0,171.0,941.0,133.31562167906483,7.226354941551541,68.0,2.847998820248952,1.9520656019918916,4.800064422240844,25.0
54,11.0,8.0,234.0,0.92,53080.0,45200.0,102.0,452.0,117.43362831858406,5.530973451327434,25.0,,,,66.0
61,12.0,8.0,262.0,0.92,61150.0,49700.0,102.0,497.0,123.03822937625756,6.036217303822937,30.0,0.324442842261526,1.6644774186142275,1.9889202608757535,80.0
64,21.0,8.0,178.0,0.92,96980.0,66600.0,96.0,666.0,145.6156156156156,6.156156156156156,41.0,1.327454678070064,0.5921451026874758,1.9195997807575398,38.0
