,target_com,depth,target_per,threshold,総収益,投資金額,出現数,購買予測数,利益率,購買的中率,的中数
0,3.0,8.0,192.0,0.85,23720.0,31200.0,60115.0,312.0,76.02564102564102,5.128205128205128,16.0
1,4.0,5.0,218.0,0.92,24120.0,26900.0,60115.0,269.0,89.66542750929368,4.83271375464684,13.0
2,9.0,5.0,262.0,0.9,12840.0,20900.0,60115.0,209.0,61.4354066985646,5.741626794258373,12.0
3,10.0,5.0,266.0,0.9,15190.0,20200.0,60115.0,202.0,75.1980198019802,4.9504950495049505,10.0
4,23.0,5.0,224.0,0.9,16450.0,17900.0,60115.0,179.0,91.89944134078212,7.82122905027933,14.0
