,target_com,depth,target_per,threshold,総収益,投資金額,出現数,購買予測数,利益率,購買的中率,的中数
0,3.0,8.0,170.0,0.92,40820.0,41300.0,59894.0,413.0,98.83777239709443,8.958837772397095,37.0
1,4.0,5.0,238.0,0.92,34350.0,36200.0,59894.0,362.0,94.88950276243095,10.220994475138122,37.0
2,6.0,5.0,118.0,0.92,56300.0,56000.0,59894.0,560.0,100.53571428571428,8.928571428571429,50.0
3,8.0,8.0,234.0,0.92,25700.0,23400.0,59894.0,234.0,109.82905982905984,6.837606837606838,16.0
4,9.0,5.0,160.0,0.92,21800.0,39100.0,59894.0,391.0,55.754475703324815,6.649616368286446,26.0
5,13.0,5.0,174.0,0.92,38450.0,38800.0,59894.0,388.0,99.0979381443299,9.02061855670103,35.0
