,target_com,depth,target_per,threshold,総収益,投資金額,出現数,購買予測数,利益率,購買的中率,的中数
0,3.0,8.0,170.0,0.92,24980.0,36800.0,65994.0,368.0,67.8804347826087,7.336956521739131,27.0
1,4.0,5.0,238.0,0.92,23600.0,32900.0,65994.0,329.0,71.73252279635258,7.29483282674772,24.0
2,6.0,5.0,118.0,0.92,41790.0,52000.0,65994.0,520.0,80.36538461538461,7.115384615384615,37.0
3,8.0,8.0,234.0,0.92,20400.0,26400.0,65994.0,264.0,77.27272727272727,7.196969696969697,19.0
4,9.0,5.0,160.0,0.92,16660.0,35900.0,65994.0,359.0,46.4066852367688,4.735376044568245,17.0
5,13.0,5.0,174.0,0.92,28350.0,40000.0,65994.0,400.0,70.875,6.5,26.0
