,target_com,depth,target_per,threshold,総収益,投資金額,出現数,購買予測数,利益率,購買的中率,的中数,的中数_std,利益率_std,score,number_i
2,3.0,8.0,170.0,0.92,85650.0,70900.0,150.0,709.0,120.80394922425953,5.923836389280677,42.0,0.4120816918460671,1.2932037335437112,1.7052854253897782,34.0
4,4.0,5.0,238.0,0.92,87360.0,65800.0,123.0,658.0,132.7659574468085,5.623100303951368,37.0,1.3693063937629153,1.4808184472990518,2.850124841061967,68.0
9,6.0,5.0,118.0,0.92,121400.0,97600.0,179.0,976.0,124.38524590163937,6.967213114754098,68.0,,,,8.0
10,8.0,8.0,234.0,0.92,71000.0,50100.0,102.0,501.0,141.71656686626747,6.387225548902195,32.0,,,,66.0
21,9.0,5.0,160.0,0.92,111690.0,76700.0,166.0,767.0,145.619295958279,8.604954367666231,66.0,1.4432904347791247,1.8597156421524397,3.303006076931564,29.0
42,13.0,5.0,174.0,0.92,113920.0,72600.0,100.0,726.0,156.91460055096417,5.5096418732782375,40.0,1.2727546135135779,1.8608575500429285,3.1336121635565064,36.0
