,target_com,depth,target_per,threshold,総収益,投資金額,出現数,購買予測数,利益率,購買的中率,的中数
0,2.0,8.0,230.0,0.9,27240.0,32000.0,65412.0,320.0,85.125,9.0625,29.0
1,3.0,8.0,222.0,0.85,29810.0,33500.0,65412.0,335.0,88.98507462686567,9.55223880597015,32.0
2,4.0,5.0,126.0,0.85,46860.0,56800.0,65412.0,568.0,82.5,7.746478873239436,44.0
3,5.0,5.0,110.0,0.92,51640.0,57300.0,65412.0,573.0,90.12216404886561,8.726003490401396,50.0
4,6.0,5.0,234.0,0.92,22640.0,23300.0,65412.0,233.0,97.16738197424893,7.725321888412018,18.0
5,9.0,8.0,170.0,0.85,58090.0,53300.0,65412.0,533.0,108.98686679174483,8.25515947467167,44.0
6,17.0,5.0,172.0,0.9,19370.0,35400.0,65412.0,354.0,54.717514124293785,5.084745762711865,18.0
