,target_com,depth,target_per,threshold,総収益,投資金額,出現数,購買予測数,利益率,購買的中率,的中数
0,2.0,8.0,230.0,0.9,34550.0,32500.0,63914.0,325.0,106.3076923076923,10.153846153846153,33.0
1,3.0,8.0,222.0,0.85,36190.0,35700.0,63914.0,357.0,101.37254901960785,9.243697478991598,33.0
2,4.0,5.0,126.0,0.85,66130.0,56300.0,63914.0,563.0,117.46003552397868,8.703374777975133,49.0
3,5.0,5.0,110.0,0.92,66350.0,66000.0,63914.0,660.0,100.53030303030303,9.848484848484848,65.0
4,6.0,5.0,234.0,0.92,12590.0,20700.0,63914.0,207.0,60.82125603864734,5.797101449275362,12.0
5,9.0,8.0,170.0,0.85,62850.0,51500.0,63914.0,515.0,122.03883495145631,9.902912621359224,51.0
6,17.0,5.0,172.0,0.9,27080.0,36700.0,63914.0,367.0,73.7874659400545,7.3569482288828345,27.0
