,target_com,depth,target_per,threshold,総収益,投資金額,出現数,購買予測数,利益率,購買的中率,的中数,的中数_std,利益率_std,score,number_i
0,2.0,8.0,230.0,0.9,72850.0,62200.0,226.0,622.0,117.12218649517683,10.45016077170418,65.0,1.0,0.9999999999999891,1.9999999999999891,64.0
6,3.0,8.0,222.0,0.85,107490.0,72400.0,169.0,724.0,148.4668508287293,7.596685082872928,55.0,0.6772220660124137,2.0217279010135165,2.6989499670259303,60.0
10,4.0,5.0,126.0,0.85,148570.0,109200.0,156.0,1092.0,136.05311355311355,5.402930402930403,59.0,1.7121711387747096,1.9024036150858161,3.6145747538605257,12.0
34,5.0,5.0,110.0,0.92,127570.0,110700.0,240.0,1107.0,115.2393857271906,8.039747064137307,89.0,,,,4.0
50,6.0,5.0,234.0,0.92,78220.0,52400.0,197.0,524.0,149.27480916030532,6.297709923664121,33.0,-1.3656675344854217,3.404938894119871,2.0392713596344496,66.0
64,9.0,8.0,170.0,0.85,128880.0,104100.0,164.0,1041.0,123.80403458213256,6.243996157540826,65.0,1.7008401285415224,1.7977184655476892,3.4985585940892117,34.0
74,17.0,5.0,172.0,0.9,118040.0,67100.0,91.0,671.0,175.91654247391952,5.067064083457526,34.0,2.2211606914574524,1.168762176203444,3.3899228676608963,35.0
