,target_com,depth,target_per,threshold,総収益,投資金額,出現数,購買予測数,利益率,購買的中率,的中数
0,1.0,8.0,184.0,0.9,24300.0,34300.0,49929.0,343.0,70.8454810495627,10.495626822157435,36.0
1,2.0,8.0,218.0,0.92,20830.0,20400.0,49929.0,204.0,102.10784313725489,11.76470588235294,24.0
2,3.0,5.0,244.0,0.9,31890.0,24700.0,49929.0,247.0,129.1093117408907,12.145748987854251,30.0
3,5.0,5.0,118.0,0.92,48030.0,51800.0,49929.0,518.0,92.72200772200773,10.81081081081081,56.0
4,6.0,5.0,228.0,0.85,27170.0,33300.0,49929.0,333.0,81.5915915915916,8.708708708708707,29.0
5,10.0,8.0,240.0,0.85,24950.0,31900.0,49929.0,319.0,78.21316614420063,9.717868338557993,31.0
6,14.0,8.0,232.0,0.9,17430.0,26200.0,49929.0,262.0,66.52671755725191,6.106870229007633,16.0
7,21.0,5.0,212.0,0.92,18860.0,20700.0,49929.0,207.0,91.11111111111111,11.11111111111111,23.0
