,target_com,depth,target_per,threshold,総収益,投資金額,出現数,購買予測数,利益率,購買的中率,的中数
0,1.0,8.0,184.0,0.9,54050.0,39100.0,60365.0,391.0,138.23529411764704,13.043478260869565,51.0
1,2.0,8.0,218.0,0.92,31310.0,23500.0,60365.0,235.0,133.2340425531915,9.787234042553191,23.0
2,3.0,5.0,244.0,0.9,30580.0,21200.0,60365.0,212.0,144.24528301886792,13.679245283018867,29.0
3,5.0,5.0,118.0,0.92,44110.0,55500.0,60365.0,555.0,79.47747747747748,7.207207207207207,40.0
4,6.0,5.0,228.0,0.85,43300.0,38500.0,60365.0,385.0,112.46753246753246,8.051948051948052,31.0
5,10.0,8.0,240.0,0.85,36130.0,37200.0,60365.0,372.0,97.1236559139785,8.064516129032258,30.0
6,14.0,8.0,232.0,0.9,23200.0,23000.0,60365.0,230.0,100.8695652173913,7.391304347826087,17.0
7,21.0,5.0,212.0,0.92,21640.0,23900.0,60365.0,239.0,90.5439330543933,8.786610878661087,21.0
