,target_com,depth,target_per,threshold,総収益,投資金額,出現数,購買予測数,利益率,購買的中率,的中数,的中数_std,利益率_std,score,number_i
14,1.0,8.0,184.0,0.9,88330.0,69000.0,289.0,690.0,128.0144927536232,13.043478260869565,90.0,0.9754141359184765,1.539908841897688,2.5153229778161643,41.0
29,2.0,8.0,218.0,0.92,57270.0,44800.0,253.0,448.0,127.83482142857144,10.714285714285714,48.0,1.0,1.0,2.0,58.0
31,3.0,5.0,244.0,0.9,61640.0,48000.0,157.0,480.0,128.41666666666666,8.541666666666666,41.0,1.7750548363729906,0.9699106292400043,2.744965465612995,71.0
47,5.0,5.0,118.0,0.92,154740.0,119700.0,232.0,1197.0,129.2731829573935,8.437761069340016,101.0,2.3842421704306336,1.4699983065002808,3.854240476930914,8.0
64,6.0,5.0,228.0,0.85,91480.0,68300.0,197.0,683.0,133.9385065885798,9.224011713030746,63.0,1.3706628852179255,1.334497429796878,2.7051603150148034,63.0
77,10.0,8.0,240.0,0.85,87310.0,71900.0,134.0,719.0,121.432545201669,6.11961057023644,44.0,,,,69.0
79,14.0,8.0,232.0,0.9,88110.0,55600.0,78.0,556.0,158.47122302158274,5.035971223021583,28.0,1.0,0.9999999999999982,1.9999999999999982,65.0
82,21.0,5.0,212.0,0.92,66820.0,49800.0,95.0,498.0,134.17670682730923,5.220883534136546,26.0,-1.3333333333333344,1.4356191263215163,0.10228579298818197,55.0
