,target_com,depth,target_per,threshold,総収益,投資金額,出現数,購買予測数,利益率,購買的中率,的中数
0,5.0,5.0,204.0,0.9,51300.0,65700.0,208.0,657.0,78.08219178082192,5.175038051750381,34.0
1,10.0,8.0,178.0,0.85,70670.0,75000.0,123.0,750.0,94.22666666666667,6.133333333333333,46.0
2,14.0,8.0,264.0,0.85,73140.0,49900.0,93.0,499.0,146.57314629258516,5.210420841683367,26.0
3,21.0,5.0,236.0,0.92,52560.0,43700.0,97.0,437.0,120.2745995423341,4.576659038901601,20.0
4,22.0,5.0,248.0,0.92,36970.0,35300.0,96.0,353.0,104.73087818696885,5.94900849858357,21.0
