,target_com,depth,target_per,threshold,総収益,投資金額,出現数,購買予測数,利益率,購買的中率,的中数
0,5.0,5.0,204.0,0.9,21750.0,35500.0,61071.0,355.0,61.267605633802816,6.197183098591549,22.0
1,10.0,8.0,178.0,0.85,36780.0,43100.0,61071.0,431.0,85.33642691415312,6.0324825986078885,26.0
2,14.0,8.0,264.0,0.85,23860.0,26700.0,61071.0,267.0,89.36329588014982,5.617977528089887,15.0
3,21.0,5.0,236.0,0.92,22860.0,26100.0,61071.0,261.0,87.58620689655172,8.812260536398467,23.0
4,22.0,5.0,248.0,0.92,14880.0,19700.0,61071.0,197.0,75.53299492385787,7.614213197969544,15.0
