,target_com,depth,target_per,threshold,総収益,投資金額,出現数,購買予測数,利益率,購買的中率,的中数,的中数_std,利益率_std,score,number_i
7,5.0,5.0,204.0,0.9,81070.0,61300.0,208.0,613.0,132.25122349102773,8.482871125611746,52.0,0.5271130864621351,2.6110050232084614,3.1381181096705966,51.0
28,10.0,8.0,178.0,0.85,84070.0,71400.0,123.0,714.0,117.74509803921568,6.022408963585434,43.0,,,,38.0
31,14.0,8.0,264.0,0.85,71740.0,49400.0,93.0,494.0,145.22267206477733,5.263157894736842,26.0,0.18394180184549017,0.9877857081040825,1.1717275099495728,81.0
34,21.0,5.0,236.0,0.92,53810.0,44800.0,97.0,448.0,120.11160714285714,5.357142857142857,24.0,,,,67.0
35,22.0,5.0,248.0,0.92,47750.0,40300.0,96.0,403.0,118.4863523573201,5.2109181141439205,21.0,,,,73.0
