,target_com,depth,target_per,threshold,総収益,投資金額,出現数,購買予測数,利益率,購買的中率,的中数
0,1.0,5.0,200.0,0.92,48110.0,33100.0,68125.0,331.0,145.34743202416917,12.688821752265861,42.0
1,3.0,8.0,260.0,0.9,19230.0,22800.0,68125.0,228.0,84.34210526315789,6.578947368421052,15.0
2,4.0,5.0,224.0,0.92,30230.0,24600.0,68125.0,246.0,122.88617886178861,10.16260162601626,25.0
3,5.0,8.0,204.0,0.9,24360.0,25000.0,68125.0,250.0,97.44,10.0,25.0
4,10.0,5.0,238.0,0.9,26920.0,29800.0,68125.0,298.0,90.33557046979865,6.375838926174497,19.0
5,13.0,8.0,252.0,0.92,23280.0,22500.0,68125.0,225.0,103.46666666666667,9.333333333333334,21.0
