,target_com,depth,target_per,threshold,総収益,投資金額,出現数,購買予測数,利益率,購買的中率,的中数,的中数_std,利益率_std,score,number_i
5,1.0,5.0,200.0,0.92,77290.0,64100.0,259.0,641.0,120.57722308892356,11.856474258970358,76.0,1.1737319329679097,0.29099401433004113,1.4647259472979508,49.0
10,3.0,8.0,260.0,0.9,60630.0,50500.0,148.0,505.0,120.05940594059406,5.9405940594059405,30.0,,,,79.0
13,4.0,5.0,224.0,0.92,61450.0,46200.0,121.0,462.0,133.008658008658,6.493506493506493,30.0,0.5761659596980321,1.2070866161248708,1.7832525758229028,61.0
19,5.0,8.0,204.0,0.9,77630.0,56500.0,171.0,565.0,137.39823008849555,7.964601769911504,45.0,1.3110502501791086,1.4269343197586344,2.737984569937743,51.0
29,10.0,5.0,238.0,0.9,78850.0,59400.0,122.0,594.0,132.74410774410774,6.228956228956229,37.0,1.8629604910504838,0.7312582773650288,2.5942187684155127,68.0
44,13.0,8.0,252.0,0.92,54080.0,39500.0,88.0,395.0,136.91139240506328,5.316455696202532,21.0,1.0,1.0000000000000009,2.000000000000001,75.0
