,target_com,depth,target_per,threshold,総収益,投資金額,出現数,購買予測数,利益率,購買的中率,的中数
0,1.0,8.0,134.0,0.92,32690.0,35400.0,75211.0,354.0,92.34463276836158,7.062146892655368,25.0
1,2.0,8.0,152.0,0.92,18680.0,36200.0,75211.0,362.0,51.60220994475138,4.143646408839778,15.0
2,3.0,5.0,106.0,0.9,59150.0,66700.0,75211.0,667.0,88.68065967016491,5.547226386806597,37.0
3,5.0,8.0,258.0,0.92,16740.0,17900.0,75211.0,179.0,93.5195530726257,6.70391061452514,12.0
4,7.0,8.0,240.0,0.9,16090.0,22000.0,75211.0,220.0,73.13636363636363,4.545454545454546,10.0
5,8.0,8.0,234.0,0.9,26000.0,25800.0,75211.0,258.0,100.7751937984496,5.426356589147287,14.0
6,9.0,8.0,156.0,0.92,43090.0,43600.0,75211.0,436.0,98.8302752293578,6.651376146788992,29.0
7,13.0,8.0,264.0,0.92,18060.0,21700.0,75211.0,217.0,83.22580645161291,4.147465437788019,9.0
