,target_com,depth,target_per,threshold,総収益,投資金額,出現数,購買予測数,利益率,購買的中率,的中数
0,1.0,8.0,134.0,0.92,87630.0,73800.0,213.0,738.0,118.739837398374,8.536585365853659,63.0
1,2.0,8.0,152.0,0.92,63280.0,67000.0,157.0,670.0,94.44776119402985,6.7164179104477615,45.0
2,3.0,5.0,106.0,0.9,101680.0,116300.0,128.0,1163.0,87.42906276870164,4.987102321582116,58.0
3,5.0,8.0,258.0,0.92,55480.0,35500.0,163.0,355.0,156.2816901408451,9.014084507042254,32.0
4,7.0,8.0,240.0,0.9,33290.0,48200.0,102.0,482.0,69.06639004149378,4.149377593360995,20.0
5,8.0,8.0,234.0,0.9,73120.0,47700.0,103.0,477.0,153.29140461215934,4.612159329140461,22.0
6,9.0,8.0,156.0,0.92,71980.0,74400.0,112.0,744.0,96.74731182795699,4.838709677419355,36.0
7,13.0,8.0,264.0,0.92,31020.0,40500.0,78.0,405.0,76.5925925925926,3.45679012345679,14.0
