,target_com,depth,target_per,threshold,総収益,投資金額,出現数,購買予測数,利益率,購買的中率,的中数
0,1.0,8.0,190.0,0.85,31120.0,33800.0,45174.0,338.0,92.07100591715977,14.792899408284024,50.0
1,3.0,8.0,240.0,0.9,16960.0,27000.0,45174.0,270.0,62.81481481481481,10.0,27.0
2,5.0,5.0,178.0,0.92,34780.0,35400.0,45174.0,354.0,98.24858757062147,13.559322033898304,48.0
3,6.0,8.0,248.0,0.92,14100.0,18600.0,45174.0,186.0,75.80645161290323,7.526881720430108,14.0
4,9.0,8.0,214.0,0.92,25520.0,25900.0,45174.0,259.0,98.53281853281854,9.652509652509652,25.0
5,11.0,5.0,254.0,0.9,23540.0,28500.0,45174.0,285.0,82.59649122807018,8.771929824561402,25.0
6,17.0,5.0,180.0,0.85,27910.0,29500.0,45174.0,295.0,94.61016949152543,10.16949152542373,30.0
7,21.0,8.0,262.0,0.85,19920.0,24100.0,45174.0,241.0,82.65560165975103,12.448132780082988,30.0
