,target_com,depth,target_per,threshold,総収益,投資金額,出現数,購買予測数,利益率,購買的中率,的中数
0,1.0,8.0,190.0,0.85,87120.0,68200.0,434.0,682.0,127.74193548387096,16.862170087976537,115.0
1,3.0,8.0,240.0,0.9,68060.0,49700.0,203.0,497.0,136.9416498993964,8.450704225352112,42.0
2,5.0,5.0,178.0,0.92,90040.0,71700.0,296.0,717.0,125.57880055788007,9.902370990237099,71.0
3,6.0,8.0,248.0,0.92,55390.0,44000.0,269.0,440.0,125.88636363636363,11.136363636363637,49.0
4,9.0,8.0,214.0,0.92,65690.0,53300.0,199.0,533.0,123.24577861163226,8.25515947467167,44.0
5,11.0,5.0,254.0,0.9,72850.0,58900.0,102.0,589.0,123.6842105263158,5.093378607809847,30.0
6,17.0,5.0,180.0,0.85,137760.0,69000.0,83.0,690.0,199.6521739130435,6.231884057971015,43.0
7,21.0,8.0,262.0,0.85,92620.0,46300.0,98.0,463.0,200.04319654427647,6.695464362850973,31.0
