,target_com,depth,target_per,threshold,総収益,投資金額,出現数,購買予測数,利益率,購買的中率,的中数,的中数_std,利益率_std,score,number_i
15,1.0,8.0,190.0,0.85,87120.0,68200.0,434.0,682.0,127.74193548387096,16.862170087976537,115.0,0.9547583265917993,1.281959222510058,2.2367175491018574,44.0
30,3.0,8.0,240.0,0.9,68060.0,49700.0,203.0,497.0,136.9416498993964,8.450704225352112,42.0,1.0,0.999999999999999,1.9999999999999991,69.0
36,5.0,5.0,178.0,0.92,90040.0,71700.0,296.0,717.0,125.57880055788009,9.9023709902371,71.0,0.018829420228011484,2.2030578906115514,2.2218873108395627,38.0
44,6.0,8.0,248.0,0.92,55390.0,44000.0,269.0,440.0,125.88636363636364,11.136363636363637,49.0,-0.8058229640253802,1.7268035871815177,0.9209806231561375,73.0
46,9.0,8.0,214.0,0.92,65690.0,53300.0,199.0,533.0,123.24577861163226,8.25515947467167,44.0,-0.1867718419094071,0.3712842279172451,0.18451238600783798,56.0
48,11.0,5.0,254.0,0.9,72850.0,58900.0,102.0,589.0,123.6842105263158,5.093378607809847,30.0,,,,76.0
50,17.0,5.0,180.0,0.85,137760.0,69000.0,83.0,690.0,199.6521739130435,6.231884057971015,43.0,2.106510777869368,2.389452654369235,4.495963432238604,39.0
98,21.0,8.0,262.0,0.85,92620.0,46300.0,98.0,463.0,200.04319654427647,6.695464362850973,31.0,1.6850355500003718,2.7480235653514895,4.4330591153518615,80.0
